INSERT INTO "basic_menu" ("id", "parent_id", "menu_type", "title", "name", "path", "component", "rank", "redirect", "icon", "extra_icon", "enter_transition", "leave_transition", "active_path", "auths", "frame_src", "frame_loading", "keep_alive", "hidden_tag", "fixed_tag", "show_link", "show_parent", "created_at", "updated_at", "deleted_at", "is_del") VALUES (1, -1, 1, '首页', 'home', '/(tabs)/index', 'tabs/index', '1', '', 'home', '', '', '', '', 'stats:view', '', 'f', 'f', 'f', 'f', 't', 't', '2025-11-15 20:55:02.193565+00', '2025-11-15 20:55:02.193565+00', NULL, 0);
INSERT INTO "basic_menu" ("id", "parent_id", "menu_type", "title", "name", "path", "component", "rank", "redirect", "icon", "extra_icon", "enter_transition", "leave_transition", "active_path", "auths", "frame_src", "frame_loading", "keep_alive", "hidden_tag", "fixed_tag", "show_link", "show_parent", "created_at", "updated_at", "deleted_at", "is_del") VALUES (2, -1, 1, '桌台', 'tables', '/(tabs)/tables', 'tabs/tables', '2', '', 'layout-grid', '', '', '', '', 'shop:table:view', '', 'f', 'f', 'f', 'f', 't', 't', '2025-11-15 20:55:02.205234+00', '2025-11-15 20:55:02.205234+00', NULL, 0);
INSERT INTO "basic_menu" ("id", "parent_id", "menu_type", "title", "name", "path", "component", "rank", "redirect", "icon", "extra_icon", "enter_transition", "leave_transition", "active_path", "auths", "frame_src", "frame_loading", "keep_alive", "hidden_tag", "fixed_tag", "show_link", "show_parent", "created_at", "updated_at", "deleted_at", "is_del") VALUES (3, -1, 1, '成员', 'members', '/(tabs)/members', 'tabs/members', '3', '', 'users', '', '', '', '', 'shop:member:view', '', 'f', 'f', 'f', 'f', 't', 't', '2025-11-15 20:55:02.216679+00', '2025-11-15 20:55:02.216679+00', NULL, 0);
INSERT INTO "basic_menu" ("id", "parent_id", "menu_type", "title", "name", "path", "component", "rank", "redirect", "icon", "extra_icon", "enter_transition", "leave_transition", "active_path", "auths", "frame_src", "frame_loading", "keep_alive", "hidden_tag", "fixed_tag", "show_link", "show_parent", "created_at", "updated_at", "deleted_at", "is_del") VALUES (4, -1, 1, '资金', 'funds', '/(tabs)/funds', 'tabs/funds', '4', '', 'wallet', '', '', '', '', 'fund:wallet:view', '', 'f', 'f', 'f', 'f', 't', 't', '2025-11-15 20:55:02.22777+00', '2025-11-15 20:55:02.22777+00', NULL, 0);
INSERT INTO "basic_menu" ("id", "parent_id", "menu_type", "title", "name", "path", "component", "rank", "redirect", "icon", "extra_icon", "enter_transition", "leave_transition", "active_path", "auths", "frame_src", "frame_loading", "keep_alive", "hidden_tag", "fixed_tag", "show_link", "show_parent", "created_at", "updated_at", "deleted_at", "is_del") VALUES (5, -1, 1, '店铺', 'shop', '/(tabs)/shop', 'tabs/shop', '5', '', 'store', '', '', '', '', '', '', 'f', 'f', 'f', 'f', 't', 't', '2025-11-15 20:55:02.239014+00', '2025-11-15 20:55:02.239014+00', NULL, 0);
INSERT INTO "basic_menu" ("id", "parent_id", "menu_type", "title", "name", "path", "component", "rank", "redirect", "icon", "extra_icon", "enter_transition", "leave_transition", "active_path", "auths", "frame_src", "frame_loading", "keep_alive", "hidden_tag", "fixed_tag", "show_link", "show_parent", "created_at", "updated_at", "deleted_at", "is_del") VALUES (6, -1, 1, '我的', 'profile', '/(tabs)/profile', 'tabs/profile', '6', '', 'user-circle', '', '', '', '', '', '', 'f', 'f', 'f', 'f', 't', 't', '2025-11-15 20:55:02.25026+00', '2025-11-15 20:55:02.25026+00', NULL, 0);
INSERT INTO "basic_menu" ("id", "parent_id", "menu_type", "title", "name", "path", "component", "rank", "redirect", "icon", "extra_icon", "enter_transition", "leave_transition", "active_path", "auths", "frame_src", "frame_loading", "keep_alive", "hidden_tag", "fixed_tag", "show_link", "show_parent", "created_at", "updated_at", "deleted_at", "is_del") VALUES (51, 5, 2, '游戏账号', 'shop.account', '/(shop)/account', 'shop/account', NULL, '', '', '', '', '', '', '', '', 'f', 'f', 'f', 'f', 't', 't', '2025-11-15 20:55:02.26149+00', '2025-11-15 20:55:02.26149+00', NULL, 0);
INSERT INTO "basic_menu" ("id", "parent_id", "menu_type", "title", "name", "path", "component", "rank", "redirect", "icon", "extra_icon", "enter_transition", "leave_transition", "active_path", "auths", "frame_src", "frame_loading", "keep_alive", "hidden_tag", "fixed_tag", "show_link", "show_parent", "created_at", "updated_at", "deleted_at", "is_del") VALUES (52, 5, 2, '管理员', 'shop.admins', '/(shop)/admins', 'shop/admins', NULL, '', '', '', '', '', '', 'shop:admin:view,shop:admin:assign,shop:admin:revoke', '', 'f', 'f', 'f', 'f', 't', 't', '2025-11-15 20:55:02.272701+00', '2025-11-15 20:55:02.272701+00', NULL, 0);
INSERT INTO "basic_menu" ("id", "parent_id", "menu_type", "title", "name", "path", "component", "rank", "redirect", "icon", "extra_icon", "enter_transition", "leave_transition", "active_path", "auths", "frame_src", "frame_loading", "keep_alive", "hidden_tag", "fixed_tag", "show_link", "show_parent", "created_at", "updated_at", "deleted_at", "is_del") VALUES (53, 5, 2, '中控账号', 'shop.rooms', '/(shop)/rooms', 'shop/rooms', NULL, '', '', '', '', '', '', 'game:ctrl:view,game:ctrl:create,game:ctrl:update,game:ctrl:delete', '', 'f', 'f', 'f', 'f', 't', 't', '2025-11-15 20:55:02.283233+00', '2025-11-15 20:55:02.283233+00', NULL, 0);
INSERT INTO "basic_menu" ("id", "parent_id", "menu_type", "title", "name", "path", "component", "rank", "redirect", "icon", "extra_icon", "enter_transition", "leave_transition", "active_path", "auths", "frame_src", "frame_loading", "keep_alive", "hidden_tag", "fixed_tag", "show_link", "show_parent", "created_at", "updated_at", "deleted_at", "is_del") VALUES (54, 5, 2, '费用设置', 'shop.fees', '/(shop)/fees', 'shop/fees', NULL, '', '', '', '', '', '', 'shop:fees:view', '', 'f', 'f', 'f', 'f', 't', 't', '2025-11-15 20:55:02.294466+00', '2025-11-15 20:55:02.294466+00', NULL, 0);
INSERT INTO "basic_menu" ("id", "parent_id", "menu_type", "title", "name", "path", "component", "rank", "redirect", "icon", "extra_icon", "enter_transition", "leave_transition", "active_path", "auths", "frame_src", "frame_loading", "keep_alive", "hidden_tag", "fixed_tag", "show_link", "show_parent", "created_at", "updated_at", "deleted_at", "is_del") VALUES (55, 5, 2, '余额筛查', 'shop.balances', '/(shop)/balances', 'shop/balances', NULL, '', '', '', '', '', '', 'fund:wallet:view', '', 'f', 'f', 'f', 'f', 't', 't', '2025-11-15 20:55:02.305722+00', '2025-11-15 20:55:02.305722+00', NULL, 0);
INSERT INTO "basic_menu" ("id", "parent_id", "menu_type", "title", "name", "path", "component", "rank", "redirect", "icon", "extra_icon", "enter_transition", "leave_transition", "active_path", "auths", "frame_src", "frame_loading", "keep_alive", "hidden_tag", "fixed_tag", "show_link", "show_parent", "created_at", "updated_at", "deleted_at", "is_del") VALUES (56, 5, 2, '成员管理', 'shop.members', '/(shop)/members', 'shop/members', NULL, '', '', '', '', '', '', 'shop:member:view,shop:member:kick', '', 'f', 'f', 'f', 'f', 't', 't', '2025-11-15 20:55:02.317759+00', '2025-11-15 20:55:02.317759+00', NULL, 0);
INSERT INTO "basic_menu" ("id", "parent_id", "menu_type", "title", "name", "path", "component", "rank", "redirect", "icon", "extra_icon", "enter_transition", "leave_transition", "active_path", "auths", "frame_src", "frame_loading", "keep_alive", "hidden_tag", "fixed_tag", "show_link", "show_parent", "created_at", "updated_at", "deleted_at", "is_del") VALUES (57, 5, 2, '我的战绩', 'shop.my_battles', '/(shop)/my-battles', 'shop/my-battles', NULL, '', '', '', '', '', '', '', '', 'f', 'f', 'f', 'f', 't', 't', '2025-11-15 20:55:02.329303+00', '2025-11-15 20:55:02.329303+00', NULL, 0);
INSERT INTO "basic_menu" ("id", "parent_id", "menu_type", "title", "name", "path", "component", "rank", "redirect", "icon", "extra_icon", "enter_transition", "leave_transition", "active_path", "auths", "frame_src", "frame_loading", "keep_alive", "hidden_tag", "fixed_tag", "show_link", "show_parent", "created_at", "updated_at", "deleted_at", "is_del") VALUES (58, 5, 2, '我的余额', 'shop.my_balances', '/(shop)/my-balances', 'shop/my-balances', NULL, '', '', '', '', '', '', '', '', 'f', 'f', 'f', 'f', 't', 't', '2025-11-15 20:55:02.341157+00', '2025-11-15 20:55:02.341157+00', NULL, 0);
INSERT INTO "basic_menu" ("id", "parent_id", "menu_type", "title", "name", "path", "component", "rank", "redirect", "icon", "extra_icon", "enter_transition", "leave_transition", "active_path", "auths", "frame_src", "frame_loading", "keep_alive", "hidden_tag", "fixed_tag", "show_link", "show_parent", "created_at", "updated_at", "deleted_at", "is_del") VALUES (59, 5, 2, '圈子战绩', 'shop.group_battles', '/(shop)/group-battles', 'shop/group-battles', NULL, '', '', '', '', '', '', 'shop:member:view', '', 'f', 'f', 'f', 'f', 't', 't', '2025-11-15 20:55:02.352258+00', '2025-11-15 20:55:02.352258+00', NULL, 0);
INSERT INTO "basic_menu" ("id", "parent_id", "menu_type", "title", "name", "path", "component", "rank", "redirect", "icon", "extra_icon", "enter_transition", "leave_transition", "active_path", "auths", "frame_src", "frame_loading", "keep_alive", "hidden_tag", "fixed_tag", "show_link", "show_parent", "created_at", "updated_at", "deleted_at", "is_del") VALUES (60, 5, 2, '圈子余额', 'shop.group_balances', '/(shop)/group-balances', 'shop/group-balances', NULL, '', '', '', '', '', '', 'shop:member:view', '', 'f', 'f', 'f', 'f', 't', 't', '2025-11-15 20:55:02.364222+00', '2025-11-15 20:55:02.364222+00', NULL, 0);
INSERT INTO "basic_menu" ("id", "parent_id", "menu_type", "title", "name", "path", "component", "rank", "redirect", "icon", "extra_icon", "enter_transition", "leave_transition", "active_path", "auths", "frame_src", "frame_loading", "keep_alive", "hidden_tag", "fixed_tag", "show_link", "show_parent", "created_at", "updated_at", "deleted_at", "is_del") VALUES (61, 5, 2, '权限管理', 'shop.permissions', '/(shop)/permissions', 'shop/permissions', NULL, '', '', '', '', '', '', 'permission:view', '', 'f', 'f', 'f', 'f', 't', 't', '2025-11-18 17:27:38.603011+00', '2025-11-18 17:27:38.603011+00', NULL, 0);
INSERT INTO "basic_menu" ("id", "parent_id", "menu_type", "title", "name", "path", "component", "rank", "redirect", "icon", "extra_icon", "enter_transition", "leave_transition", "active_path", "auths", "frame_src", "frame_loading", "keep_alive", "hidden_tag", "fixed_tag", "show_link", "show_parent", "created_at", "updated_at", "deleted_at", "is_del") VALUES (62, 5, 2, '角色管理', 'shop.roles', '/(shop)/roles', 'shop/roles', NULL, '', '', '', '', '', '', 'role:view', '', 'f', 'f', 'f', 'f', 't', 't', '2025-11-18 17:27:38.610965+00', '2025-11-18 17:27:38.610965+00', NULL, 0);
INSERT INTO "basic_menu" ("id", "parent_id", "menu_type", "title", "name", "path", "component", "rank", "redirect", "icon", "extra_icon", "enter_transition", "leave_transition", "active_path", "auths", "frame_src", "frame_loading", "keep_alive", "hidden_tag", "fixed_tag", "show_link", "show_parent", "created_at", "updated_at", "deleted_at", "is_del") VALUES (63, 5, 2, '菜单管理', 'shop.menus', '/(shop)/menus', 'shop/menus', NULL, '', '', '', '', '', '', 'menu:view', '', 'f', 'f', 'f', 'f', 't', 't', '2025-11-19 06:23:36.839749+00', '2025-11-19 06:23:36.839749+00', NULL, 0);
INSERT INTO "basic_menu_button" ("id", "menu_id", "button_code", "button_name", "permission_codes", "created_at", "updated_at") VALUES (1, 2, 'table_detail', '查看详情', 'shop:table:detail,shop:table:view', '2025-11-17 15:15:56.874146+00', '2025-11-17 15:15:56.874146+00');
INSERT INTO "basic_menu_button" ("id", "menu_id", "button_code", "button_name", "permission_codes", "created_at", "updated_at") VALUES (2, 2, 'table_check', '检查桌台', 'shop:table:check,shop:table:view', '2025-11-17 15:15:56.874146+00', '2025-11-17 15:15:56.874146+00');
INSERT INTO "basic_menu_button" ("id", "menu_id", "button_code", "button_name", "permission_codes", "created_at", "updated_at") VALUES (3, 2, 'table_dismiss', '解散桌台', 'shop:table:dismiss', '2025-11-17 15:15:56.874146+00', '2025-11-17 15:15:56.874146+00');
INSERT INTO "basic_menu_button" ("id", "menu_id", "button_code", "button_name", "permission_codes", "created_at", "updated_at") VALUES (4, 3, 'member_kick', '踢出成员', 'shop:member:kick', '2025-11-17 15:15:56.885152+00', '2025-11-17 15:15:56.885152+00');
INSERT INTO "basic_menu_button" ("id", "menu_id", "button_code", "button_name", "permission_codes", "created_at", "updated_at") VALUES (5, 3, 'member_logout', '成员下线', 'shop:member:logout', '2025-11-17 15:15:56.885152+00', '2025-11-17 15:15:56.885152+00');
INSERT INTO "basic_menu_button" ("id", "menu_id", "button_code", "button_name", "permission_codes", "created_at", "updated_at") VALUES (6, 3, 'member_add_group', '拉入圈子', 'shop:member:update', '2025-11-17 15:15:56.885152+00', '2025-11-17 15:15:56.885152+00');
INSERT INTO "basic_menu_button" ("id", "menu_id", "button_code", "button_name", "permission_codes", "created_at", "updated_at") VALUES (7, 3, 'member_remove_group', '踢出圈子', 'shop:member:kick', '2025-11-17 15:15:56.885152+00', '2025-11-17 15:15:56.885152+00');
INSERT INTO "basic_menu_button" ("id", "menu_id", "button_code", "button_name", "permission_codes", "created_at", "updated_at") VALUES (8, 4, 'fund_deposit', '上分', 'fund:deposit', '2025-11-17 15:15:56.896427+00', '2025-11-17 15:15:56.896427+00');
INSERT INTO "basic_menu_button" ("id", "menu_id", "button_code", "button_name", "permission_codes", "created_at", "updated_at") VALUES (9, 4, 'fund_withdraw', '下分', 'fund:withdraw', '2025-11-17 15:15:56.896427+00', '2025-11-17 15:15:56.896427+00');
INSERT INTO "basic_menu_button" ("id", "menu_id", "button_code", "button_name", "permission_codes", "created_at", "updated_at") VALUES (10, 4, 'fund_force_withdraw', '强制下分', 'fund:force_withdraw', '2025-11-17 15:15:56.896427+00', '2025-11-17 15:15:56.896427+00');
INSERT INTO "basic_menu_button" ("id", "menu_id", "button_code", "button_name", "permission_codes", "created_at", "updated_at") VALUES (11, 4, 'fund_update_limit', '更新额度', 'fund:limit:update', '2025-11-17 15:15:56.896427+00', '2025-11-17 15:15:56.896427+00');
INSERT INTO "basic_menu_button" ("id", "menu_id", "button_code", "button_name", "permission_codes", "created_at", "updated_at") VALUES (12, 4, 'fund_view_ledger', '查看流水', 'fund:ledger:view', '2025-11-17 15:15:56.896427+00', '2025-11-17 15:15:56.896427+00');
INSERT INTO "basic_menu_button" ("id", "menu_id", "button_code", "button_name", "permission_codes", "created_at", "updated_at") VALUES (13, 52, 'admin_assign', '分配管理员', 'shop:admin:assign', '2025-11-17 15:15:56.907507+00', '2025-11-17 15:15:56.907507+00');
INSERT INTO "basic_menu_button" ("id", "menu_id", "button_code", "button_name", "permission_codes", "created_at", "updated_at") VALUES (14, 52, 'admin_revoke', '撤销管理员', 'shop:admin:revoke', '2025-11-17 15:15:56.907507+00', '2025-11-17 15:15:56.907507+00');
INSERT INTO "basic_menu_button" ("id", "menu_id", "button_code", "button_name", "permission_codes", "created_at", "updated_at") VALUES (15, 53, 'ctrl_create', '创建账号', 'game:ctrl:create', '2025-11-17 15:15:56.919186+00', '2025-11-17 15:15:56.919186+00');
INSERT INTO "basic_menu_button" ("id", "menu_id", "button_code", "button_name", "permission_codes", "created_at", "updated_at") VALUES (16, 53, 'ctrl_update', '更新账号', 'game:ctrl:update', '2025-11-17 15:15:56.919186+00', '2025-11-17 15:15:56.919186+00');
INSERT INTO "basic_menu_button" ("id", "menu_id", "button_code", "button_name", "permission_codes", "created_at", "updated_at") VALUES (17, 53, 'ctrl_delete', '删除账号', 'game:ctrl:delete', '2025-11-17 15:15:56.919186+00', '2025-11-17 15:15:56.919186+00');
INSERT INTO "basic_menu_button" ("id", "menu_id", "button_code", "button_name", "permission_codes", "created_at", "updated_at") VALUES (18, 53, 'ctrl_login', '登录游戏', 'game:ctrl:view', '2025-11-17 15:15:56.919186+00', '2025-11-17 15:15:56.919186+00');
INSERT INTO "basic_menu_button" ("id", "menu_id", "button_code", "button_name", "permission_codes", "created_at", "updated_at") VALUES (19, 54, 'fees_update', '更新费用', 'shop:fees:update', '2025-11-17 15:15:56.930428+00', '2025-11-17 15:15:56.930428+00');
INSERT INTO "basic_menu_button" ("id", "menu_id", "button_code", "button_name", "permission_codes", "created_at", "updated_at") VALUES (20, 61, 'permission_create', '创建权限', 'permission:create', '2025-11-18 17:27:38.705451+00', '2025-11-18 17:27:38.705451+00');
INSERT INTO "basic_menu_button" ("id", "menu_id", "button_code", "button_name", "permission_codes", "created_at", "updated_at") VALUES (21, 61, 'permission_update', '编辑权限', 'permission:update', '2025-11-18 17:27:38.705451+00', '2025-11-18 17:27:38.705451+00');
INSERT INTO "basic_menu_button" ("id", "menu_id", "button_code", "button_name", "permission_codes", "created_at", "updated_at") VALUES (22, 61, 'permission_delete', '删除权限', 'permission:delete', '2025-11-18 17:27:38.705451+00', '2025-11-18 17:27:38.705451+00');
INSERT INTO "basic_menu_button" ("id", "menu_id", "button_code", "button_name", "permission_codes", "created_at", "updated_at") VALUES (23, 62, 'role_create', '创建角色', 'role:create', '2025-11-18 17:27:38.713972+00', '2025-11-18 17:27:38.713972+00');
INSERT INTO "basic_menu_button" ("id", "menu_id", "button_code", "button_name", "permission_codes", "created_at", "updated_at") VALUES (24, 62, 'role_update', '编辑角色', 'role:update', '2025-11-18 17:27:38.713972+00', '2025-11-18 17:27:38.713972+00');
INSERT INTO "basic_menu_button" ("id", "menu_id", "button_code", "button_name", "permission_codes", "created_at", "updated_at") VALUES (25, 62, 'role_delete', '删除角色', 'role:delete', '2025-11-18 17:27:38.713972+00', '2025-11-18 17:27:38.713972+00');
INSERT INTO "basic_menu_button" ("id", "menu_id", "button_code", "button_name", "permission_codes", "created_at", "updated_at") VALUES (26, 62, 'role_assign_menu', '分配菜单', 'role:update', '2025-11-18 17:27:38.713972+00', '2025-11-18 17:27:38.713972+00');
INSERT INTO "basic_menu_button" ("id", "menu_id", "button_code", "button_name", "permission_codes", "created_at", "updated_at") VALUES (27, 62, 'role_assign_permission', '分配权限', 'permission:assign', '2025-11-18 17:27:38.713972+00', '2025-11-18 17:27:38.713972+00');
INSERT INTO "basic_menu_button" ("id", "menu_id", "button_code", "button_name", "permission_codes", "created_at", "updated_at") VALUES (28, 63, 'menu_create', '创建菜单', 'menu:create', '2025-11-19 06:23:36.860785+00', '2025-11-19 06:23:36.860785+00');
INSERT INTO "basic_menu_button" ("id", "menu_id", "button_code", "button_name", "permission_codes", "created_at", "updated_at") VALUES (29, 63, 'menu_update', '编辑菜单', 'menu:update', '2025-11-19 06:23:36.860785+00', '2025-11-19 06:23:36.860785+00');
INSERT INTO "basic_menu_button" ("id", "menu_id", "button_code", "button_name", "permission_codes", "created_at", "updated_at") VALUES (30, 63, 'menu_delete', '删除菜单', 'menu:delete', '2025-11-19 06:23:36.860785+00', '2025-11-19 06:23:36.860785+00');
INSERT INTO "basic_permission" ("id", "code", "name", "category", "description", "created_at", "updated_at", "is_deleted") VALUES (8, 'shop:table:view', '查看桌台', 'shop', '查看桌台列表', '2025-11-17 15:15:56.790861+00', '2025-11-17 15:15:56.790861+00', 'f');
INSERT INTO "basic_permission" ("id", "code", "name", "category", "description", "created_at", "updated_at", "is_deleted") VALUES (9, 'shop:table:detail', '查看桌台详情', 'shop', '查看桌台详细信息', '2025-11-17 15:15:56.790861+00', '2025-11-17 15:15:56.790861+00', 'f');
INSERT INTO "basic_permission" ("id", "code", "name", "category", "description", "created_at", "updated_at", "is_deleted") VALUES (10, 'shop:table:check', '检查桌台', 'shop', '检查桌台状态', '2025-11-17 15:15:56.790861+00', '2025-11-17 15:15:56.790861+00', 'f');
INSERT INTO "basic_permission" ("id", "code", "name", "category", "description", "created_at", "updated_at", "is_deleted") VALUES (11, 'shop:table:dismiss', '解散桌台', 'shop', '解散游戏桌台', '2025-11-17 15:15:56.790861+00', '2025-11-17 15:15:56.790861+00', 'f');
INSERT INTO "basic_permission" ("id", "code", "name", "category", "description", "created_at", "updated_at", "is_deleted") VALUES (12, 'shop:member:view', '查看成员', 'shop', '查看店铺成员列表', '2025-11-17 15:15:56.790861+00', '2025-11-17 15:15:56.790861+00', 'f');
INSERT INTO "basic_permission" ("id", "code", "name", "category", "description", "created_at", "updated_at", "is_deleted") VALUES (13, 'shop:member:kick', '踢出成员', 'shop', '将成员踢出店铺', '2025-11-17 15:15:56.790861+00', '2025-11-17 15:15:56.790861+00', 'f');
INSERT INTO "basic_permission" ("id", "code", "name", "category", "description", "created_at", "updated_at", "is_deleted") VALUES (14, 'shop:member:logout', '成员下线', 'shop', '强制成员下线', '2025-11-17 15:15:56.790861+00', '2025-11-17 15:15:56.790861+00', 'f');
INSERT INTO "basic_permission" ("id", "code", "name", "category", "description", "created_at", "updated_at", "is_deleted") VALUES (15, 'shop:member:update', '更新成员', 'shop', '更新成员信息（拉入/踢出圈子等）', '2025-11-17 15:15:56.790861+00', '2025-11-17 15:15:56.790861+00', 'f');
INSERT INTO "basic_permission" ("id", "code", "name", "category", "description", "created_at", "updated_at", "is_deleted") VALUES (16, 'shop:admin:view', '查看管理员', 'shop', '查看店铺管理员列表', '2025-11-17 15:15:56.790861+00', '2025-11-17 15:15:56.790861+00', 'f');
INSERT INTO "basic_permission" ("id", "code", "name", "category", "description", "created_at", "updated_at", "is_deleted") VALUES (17, 'shop:admin:assign', '分配管理员', 'shop', '分配用户为管理员', '2025-11-17 15:15:56.790861+00', '2025-11-17 15:15:56.790861+00', 'f');
INSERT INTO "basic_permission" ("id", "code", "name", "category", "description", "created_at", "updated_at", "is_deleted") VALUES (18, 'shop:admin:revoke', '撤销管理员', 'shop', '撤销用户的管理员权限', '2025-11-17 15:15:56.790861+00', '2025-11-17 15:15:56.790861+00', 'f');
INSERT INTO "basic_permission" ("id", "code", "name", "category", "description", "created_at", "updated_at", "is_deleted") VALUES (22, 'shop:fees:view', '查看费用', 'shop', '查看费用设置', '2025-11-17 15:15:56.790861+00', '2025-11-17 15:15:56.790861+00', 'f');
INSERT INTO "basic_permission" ("id", "code", "name", "category", "description", "created_at", "updated_at", "is_deleted") VALUES (23, 'shop:fees:update', '更新费用', 'shop', '更新费用设置', '2025-11-17 15:15:56.790861+00', '2025-11-17 15:15:56.790861+00', 'f');
INSERT INTO "basic_permission" ("id", "code", "name", "category", "description", "created_at", "updated_at", "is_deleted") VALUES (24, 'shop:group:view', '查看圈子', 'shop', '查看圈子信息', '2025-11-17 15:15:56.790861+00', '2025-11-17 15:15:56.790861+00', 'f');
INSERT INTO "basic_permission" ("id", "code", "name", "category", "description", "created_at", "updated_at", "is_deleted") VALUES (25, 'game:ctrl:view', '查看中控账号', 'game', '查看中控账号列表', '2025-11-17 15:15:56.802148+00', '2025-11-17 15:15:56.802148+00', 'f');
INSERT INTO "basic_permission" ("id", "code", "name", "category", "description", "created_at", "updated_at", "is_deleted") VALUES (26, 'game:ctrl:create', '创建中控账号', 'game', '创建新的中控账号', '2025-11-17 15:15:56.802148+00', '2025-11-17 15:15:56.802148+00', 'f');
INSERT INTO "basic_permission" ("id", "code", "name", "category", "description", "created_at", "updated_at", "is_deleted") VALUES (27, 'game:ctrl:update', '更新中控账号', 'game', '更新中控账号信息', '2025-11-17 15:15:56.802148+00', '2025-11-17 15:15:56.802148+00', 'f');
INSERT INTO "basic_permission" ("id", "code", "name", "category", "description", "created_at", "updated_at", "is_deleted") VALUES (28, 'game:ctrl:delete', '删除中控账号', 'game', '删除中控账号', '2025-11-17 15:15:56.802148+00', '2025-11-17 15:15:56.802148+00', 'f');
INSERT INTO "basic_permission" ("id", "code", "name", "category", "description", "created_at", "updated_at", "is_deleted") VALUES (29, 'game:account:view', '查看游戏账号', 'game', '查看游戏账号信息', '2025-11-17 15:15:56.802148+00', '2025-11-17 15:15:56.802148+00', 'f');
INSERT INTO "basic_permission" ("id", "code", "name", "category", "description", "created_at", "updated_at", "is_deleted") VALUES (30, 'game:account:bind', '绑定游戏账号', 'game', '绑定游戏账号', '2025-11-17 15:15:56.802148+00', '2025-11-17 15:15:56.802148+00', 'f');
INSERT INTO "basic_permission" ("id", "code", "name", "category", "description", "created_at", "updated_at", "is_deleted") VALUES (31, 'game:account:unbind', '解绑游戏账号', 'game', '解绑游戏账号', '2025-11-17 15:15:56.802148+00', '2025-11-17 15:15:56.802148+00', 'f');
INSERT INTO "basic_permission" ("id", "code", "name", "category", "description", "created_at", "updated_at", "is_deleted") VALUES (32, 'battles:view', '查看战绩', 'game', '查看圈子或店铺战绩', '2025-11-17 15:15:56.813466+00', '2025-11-17 15:15:56.813466+00', 'f');
INSERT INTO "basic_permission" ("id", "code", "name", "category", "description", "created_at", "updated_at", "is_deleted") VALUES (33, 'battles:export', '导出战绩', 'game', '导出战绩数据', '2025-11-17 15:15:56.813466+00', '2025-11-17 15:15:56.813466+00', 'f');
INSERT INTO "basic_permission" ("id", "code", "name", "category", "description", "created_at", "updated_at", "is_deleted") VALUES (34, 'menu:view', '查看菜单', 'system', '查看菜单列表', '2025-11-17 15:15:56.827168+00', '2025-11-17 15:15:56.827168+00', 'f');
INSERT INTO "basic_permission" ("id", "code", "name", "category", "description", "created_at", "updated_at", "is_deleted") VALUES (35, 'menu:create', '创建菜单', 'system', '创建新菜单', '2025-11-17 15:15:56.827168+00', '2025-11-17 15:15:56.827168+00', 'f');
INSERT INTO "basic_permission" ("id", "code", "name", "category", "description", "created_at", "updated_at", "is_deleted") VALUES (36, 'menu:update', '更新菜单', 'system', '更新菜单信息', '2025-11-17 15:15:56.827168+00', '2025-11-17 15:15:56.827168+00', 'f');
INSERT INTO "basic_permission" ("id", "code", "name", "category", "description", "created_at", "updated_at", "is_deleted") VALUES (37, 'menu:delete', '删除菜单', 'system', '删除菜单', '2025-11-17 15:15:56.827168+00', '2025-11-17 15:15:56.827168+00', 'f');
INSERT INTO "basic_permission" ("id", "code", "name", "category", "description", "created_at", "updated_at", "is_deleted") VALUES (38, 'role:view', '查看角色', 'system', '查看角色列表', '2025-11-17 15:15:56.827168+00', '2025-11-17 15:15:56.827168+00', 'f');
INSERT INTO "basic_permission" ("id", "code", "name", "category", "description", "created_at", "updated_at", "is_deleted") VALUES (39, 'role:create', '创建角色', 'system', '创建新角色', '2025-11-17 15:15:56.827168+00', '2025-11-17 15:15:56.827168+00', 'f');
INSERT INTO "basic_permission" ("id", "code", "name", "category", "description", "created_at", "updated_at", "is_deleted") VALUES (40, 'role:update', '更新角色', 'system', '更新角色信息', '2025-11-17 15:15:56.827168+00', '2025-11-17 15:15:56.827168+00', 'f');
INSERT INTO "basic_permission" ("id", "code", "name", "category", "description", "created_at", "updated_at", "is_deleted") VALUES (41, 'role:delete', '删除角色', 'system', '删除角色', '2025-11-17 15:15:56.827168+00', '2025-11-17 15:15:56.827168+00', 'f');
INSERT INTO "basic_permission" ("id", "code", "name", "category", "description", "created_at", "updated_at", "is_deleted") VALUES (42, 'permission:view', '查看权限', 'system', '查看权限列表', '2025-11-17 15:15:56.827168+00', '2025-11-17 15:15:56.827168+00', 'f');
INSERT INTO "basic_permission" ("id", "code", "name", "category", "description", "created_at", "updated_at", "is_deleted") VALUES (43, 'permission:assign', '分配权限', 'system', '为角色分配权限', '2025-11-17 15:15:56.827168+00', '2025-11-17 15:15:56.827168+00', 'f');
INSERT INTO "basic_permission" ("id", "code", "name", "category", "description", "created_at", "updated_at", "is_deleted") VALUES (44, 'permission:create', '创建权限', 'system', '创建新权限', '2025-11-18 17:27:38.634194+00', '2025-11-18 17:27:38.634194+00', 'f');
INSERT INTO "basic_permission" ("id", "code", "name", "category", "description", "created_at", "updated_at", "is_deleted") VALUES (45, 'permission:update', '更新权限', 'system', '更新权限信息', '2025-11-18 17:27:38.634194+00', '2025-11-18 17:27:38.634194+00', 'f');
INSERT INTO "basic_permission" ("id", "code", "name", "category", "description", "created_at", "updated_at", "is_deleted") VALUES (46, 'permission:delete', '删除权限', 'system', '删除权限', '2025-11-18 17:27:38.634194+00', '2025-11-18 17:27:38.634194+00', 'f');
INSERT INTO "basic_permission" ("id", "code", "name", "category", "description", "created_at", "updated_at", "is_deleted") VALUES (1, 'stats:view', '查看统计', 'stats', '查看统计数据页面和统计数据', '2025-11-17 15:15:56.768332+00', '2025-11-18 17:27:38.651748+00', 'f');
INSERT INTO "basic_permission" ("id", "code", "name", "category", "description", "created_at", "updated_at", "is_deleted") VALUES (2, 'fund:wallet:view', '查看钱包', 'fund', '查看钱包余额信息', '2025-11-17 15:15:56.779513+00', '2025-11-18 17:27:38.660011+00', 'f');
INSERT INTO "basic_permission" ("id", "code", "name", "category", "description", "created_at", "updated_at", "is_deleted") VALUES (3, 'fund:ledger:view', '查看账本', 'fund', '查看资金流水记录', '2025-11-17 15:15:56.779513+00', '2025-11-18 17:27:38.667494+00', 'f');
INSERT INTO "basic_permission" ("id", "code", "name", "category", "description", "created_at", "updated_at", "is_deleted") VALUES (4, 'fund:deposit', '上分', 'fund', '给成员上分', '2025-11-17 15:15:56.779513+00', '2025-11-18 17:27:38.67474+00', 'f');
INSERT INTO "basic_permission" ("id", "code", "name", "category", "description", "created_at", "updated_at", "is_deleted") VALUES (5, 'fund:withdraw', '下分', 'fund', '给成员下分', '2025-11-17 15:15:56.779513+00', '2025-11-18 17:27:38.68251+00', 'f');
INSERT INTO "basic_permission" ("id", "code", "name", "category", "description", "created_at", "updated_at", "is_deleted") VALUES (7, 'fund:limit:update', '更新额度', 'fund', '更新成员额度和禁分设置', '2025-11-17 15:15:56.779513+00', '2025-11-18 17:27:38.697924+00', 'f');
INSERT INTO "basic_permission" ("id", "code", "name", "category", "description", "created_at", "updated_at", "is_deleted") VALUES (6, 'fund:force_withdraw', '强制下分', 'fund', '强制给成员下分', '2025-11-17 15:15:56.779513+00', '2025-11-19 15:03:15.944036+00', 'f');
INSERT INTO "basic_permission" ("id", "code", "name", "category", "description", "created_at", "updated_at", "is_deleted") VALUES (19, 'shop:apply:view', '查看申请', 'shop', '查看入圈申请列表', '2025-11-17 15:15:56.790861+00', '2025-11-19 15:27:03.318457+00', 't');
INSERT INTO "basic_permission" ("id", "code", "name", "category", "description", "created_at", "updated_at", "is_deleted") VALUES (20, 'shop:apply:approve', '批准申请', 'shop', '批准入圈申请', '2025-11-17 15:15:56.790861+00', '2025-11-19 15:27:03.318457+00', 't');
INSERT INTO "basic_permission" ("id", "code", "name", "category", "description", "created_at", "updated_at", "is_deleted") VALUES (21, 'shop:apply:reject', '拒绝申请', 'shop', '拒绝入圈申请', '2025-11-17 15:15:56.790861+00', '2025-11-19 15:27:03.318457+00', 't');
INSERT INTO "basic_role" ("id", "code", "name", "parent_id", "remark", "created_at", "created_user", "updated_at", "updated_user", "first_letter", "pinyin_code", "enable", "is_deleted") VALUES (1, 'super_admin', '超级管理员', -1, '拥有系统所有权限，包括权限管理', '2025-09-08 15:35:27.037738+00', NULL, '2025-11-18 17:27:38.578425+00', NULL, 'C', 'chaojiguanliyuan', 't', 'f');
INSERT INTO "basic_role" ("id", "code", "name", "parent_id", "remark", "created_at", "created_user", "updated_at", "updated_user", "first_letter", "pinyin_code", "enable", "is_deleted") VALUES (2, 'shop_admin', '店铺管理员', -1, '拥有店铺管理相关权限', '2025-09-08 15:35:27.037738+00', NULL, '2025-11-18 17:27:38.588807+00', NULL, 'D', 'dianpuguanliyuan', 't', 'f');
INSERT INTO "basic_role" ("id", "code", "name", "parent_id", "remark", "created_at", "created_user", "updated_at", "updated_user", "first_letter", "pinyin_code", "enable", "is_deleted") VALUES (3, 'user', '普通用户', -1, '仅拥有基本查看权限', '2025-10-23 08:08:59.184065+00', NULL, '2025-11-18 17:27:38.595281+00', NULL, 'P', 'putongyonghu', 't', 'f');
INSERT INTO "basic_role_menu_rel" ("role_id", "menu_id") VALUES (1, 1);
INSERT INTO "basic_role_menu_rel" ("role_id", "menu_id") VALUES (1, 2);
INSERT INTO "basic_role_menu_rel" ("role_id", "menu_id") VALUES (1, 3);
INSERT INTO "basic_role_menu_rel" ("role_id", "menu_id") VALUES (1, 4);
INSERT INTO "basic_role_menu_rel" ("role_id", "menu_id") VALUES (1, 5);
INSERT INTO "basic_role_menu_rel" ("role_id", "menu_id") VALUES (1, 6);
INSERT INTO "basic_role_menu_rel" ("role_id", "menu_id") VALUES (1, 51);
INSERT INTO "basic_role_menu_rel" ("role_id", "menu_id") VALUES (1, 52);
INSERT INTO "basic_role_menu_rel" ("role_id", "menu_id") VALUES (1, 53);
INSERT INTO "basic_role_menu_rel" ("role_id", "menu_id") VALUES (1, 54);
INSERT INTO "basic_role_menu_rel" ("role_id", "menu_id") VALUES (1, 55);
INSERT INTO "basic_role_menu_rel" ("role_id", "menu_id") VALUES (1, 56);
INSERT INTO "basic_role_menu_rel" ("role_id", "menu_id") VALUES (1, 57);
INSERT INTO "basic_role_menu_rel" ("role_id", "menu_id") VALUES (1, 58);
INSERT INTO "basic_role_menu_rel" ("role_id", "menu_id") VALUES (1, 59);
INSERT INTO "basic_role_menu_rel" ("role_id", "menu_id") VALUES (1, 60);
INSERT INTO "basic_role_menu_rel" ("role_id", "menu_id") VALUES (2, 1);
INSERT INTO "basic_role_menu_rel" ("role_id", "menu_id") VALUES (2, 2);
INSERT INTO "basic_role_menu_rel" ("role_id", "menu_id") VALUES (2, 3);
INSERT INTO "basic_role_menu_rel" ("role_id", "menu_id") VALUES (2, 4);
INSERT INTO "basic_role_menu_rel" ("role_id", "menu_id") VALUES (2, 5);
INSERT INTO "basic_role_menu_rel" ("role_id", "menu_id") VALUES (2, 6);
INSERT INTO "basic_role_menu_rel" ("role_id", "menu_id") VALUES (2, 51);
INSERT INTO "basic_role_menu_rel" ("role_id", "menu_id") VALUES (2, 52);
INSERT INTO "basic_role_menu_rel" ("role_id", "menu_id") VALUES (2, 53);
INSERT INTO "basic_role_menu_rel" ("role_id", "menu_id") VALUES (2, 54);
INSERT INTO "basic_role_menu_rel" ("role_id", "menu_id") VALUES (2, 55);
INSERT INTO "basic_role_menu_rel" ("role_id", "menu_id") VALUES (2, 56);
INSERT INTO "basic_role_menu_rel" ("role_id", "menu_id") VALUES (2, 57);
INSERT INTO "basic_role_menu_rel" ("role_id", "menu_id") VALUES (2, 58);
INSERT INTO "basic_role_menu_rel" ("role_id", "menu_id") VALUES (2, 59);
INSERT INTO "basic_role_menu_rel" ("role_id", "menu_id") VALUES (2, 60);
INSERT INTO "basic_role_menu_rel" ("role_id", "menu_id") VALUES (1, 61);
INSERT INTO "basic_role_menu_rel" ("role_id", "menu_id") VALUES (1, 62);
INSERT INTO "basic_role_menu_rel" ("role_id", "menu_id") VALUES (1, 63);
INSERT INTO "basic_role_menu_rel" ("role_id", "menu_id") VALUES (3, 5);
INSERT INTO "basic_role_menu_rel" ("role_id", "menu_id") VALUES (3, 6);
INSERT INTO "basic_role_menu_rel" ("role_id", "menu_id") VALUES (3, 51);
INSERT INTO "basic_role_menu_rel" ("role_id", "menu_id") VALUES (3, 57);
INSERT INTO "basic_role_menu_rel" ("role_id", "menu_id") VALUES (3, 58);
INSERT INTO "basic_role_menu_rel" ("role_id", "menu_id") VALUES (3, 1);
INSERT INTO "basic_role_permission_rel" ("role_id", "permission_id") VALUES (2, 1);
INSERT INTO "basic_role_permission_rel" ("role_id", "permission_id") VALUES (2, 2);
INSERT INTO "basic_role_permission_rel" ("role_id", "permission_id") VALUES (2, 3);
INSERT INTO "basic_role_permission_rel" ("role_id", "permission_id") VALUES (2, 4);
INSERT INTO "basic_role_permission_rel" ("role_id", "permission_id") VALUES (2, 5);
INSERT INTO "basic_role_permission_rel" ("role_id", "permission_id") VALUES (2, 7);
INSERT INTO "basic_role_permission_rel" ("role_id", "permission_id") VALUES (2, 8);
INSERT INTO "basic_role_permission_rel" ("role_id", "permission_id") VALUES (2, 9);
INSERT INTO "basic_role_permission_rel" ("role_id", "permission_id") VALUES (2, 10);
INSERT INTO "basic_role_permission_rel" ("role_id", "permission_id") VALUES (2, 11);
INSERT INTO "basic_role_permission_rel" ("role_id", "permission_id") VALUES (2, 12);
INSERT INTO "basic_role_permission_rel" ("role_id", "permission_id") VALUES (2, 13);
INSERT INTO "basic_role_permission_rel" ("role_id", "permission_id") VALUES (2, 14);
INSERT INTO "basic_role_permission_rel" ("role_id", "permission_id") VALUES (2, 15);
INSERT INTO "basic_role_permission_rel" ("role_id", "permission_id") VALUES (2, 16);
INSERT INTO "basic_role_permission_rel" ("role_id", "permission_id") VALUES (2, 17);
INSERT INTO "basic_role_permission_rel" ("role_id", "permission_id") VALUES (2, 18);
INSERT INTO "basic_role_permission_rel" ("role_id", "permission_id") VALUES (2, 22);
INSERT INTO "basic_role_permission_rel" ("role_id", "permission_id") VALUES (2, 23);
INSERT INTO "basic_role_permission_rel" ("role_id", "permission_id") VALUES (2, 24);
INSERT INTO "basic_role_permission_rel" ("role_id", "permission_id") VALUES (2, 25);
INSERT INTO "basic_role_permission_rel" ("role_id", "permission_id") VALUES (2, 26);
INSERT INTO "basic_role_permission_rel" ("role_id", "permission_id") VALUES (2, 27);
INSERT INTO "basic_role_permission_rel" ("role_id", "permission_id") VALUES (2, 28);
INSERT INTO "basic_role_permission_rel" ("role_id", "permission_id") VALUES (2, 29);
INSERT INTO "basic_role_permission_rel" ("role_id", "permission_id") VALUES (2, 32);
INSERT INTO "basic_role_permission_rel" ("role_id", "permission_id") VALUES (2, 33);
INSERT INTO "basic_role_permission_rel" ("role_id", "permission_id") VALUES (3, 29);
INSERT INTO "basic_role_permission_rel" ("role_id", "permission_id") VALUES (3, 30);
INSERT INTO "basic_role_permission_rel" ("role_id", "permission_id") VALUES (3, 31);
INSERT INTO "basic_role_permission_rel" ("role_id", "permission_id") VALUES (1, 8);
INSERT INTO "basic_role_permission_rel" ("role_id", "permission_id") VALUES (1, 9);
INSERT INTO "basic_role_permission_rel" ("role_id", "permission_id") VALUES (1, 10);
INSERT INTO "basic_role_permission_rel" ("role_id", "permission_id") VALUES (1, 11);
INSERT INTO "basic_role_permission_rel" ("role_id", "permission_id") VALUES (1, 12);
INSERT INTO "basic_role_permission_rel" ("role_id", "permission_id") VALUES (1, 13);
INSERT INTO "basic_role_permission_rel" ("role_id", "permission_id") VALUES (1, 14);
INSERT INTO "basic_role_permission_rel" ("role_id", "permission_id") VALUES (1, 15);
INSERT INTO "basic_role_permission_rel" ("role_id", "permission_id") VALUES (1, 16);
INSERT INTO "basic_role_permission_rel" ("role_id", "permission_id") VALUES (1, 17);
INSERT INTO "basic_role_permission_rel" ("role_id", "permission_id") VALUES (1, 18);
INSERT INTO "basic_role_permission_rel" ("role_id", "permission_id") VALUES (1, 22);
INSERT INTO "basic_role_permission_rel" ("role_id", "permission_id") VALUES (1, 23);
INSERT INTO "basic_role_permission_rel" ("role_id", "permission_id") VALUES (1, 24);
INSERT INTO "basic_role_permission_rel" ("role_id", "permission_id") VALUES (1, 25);
INSERT INTO "basic_role_permission_rel" ("role_id", "permission_id") VALUES (1, 26);
INSERT INTO "basic_role_permission_rel" ("role_id", "permission_id") VALUES (1, 27);
INSERT INTO "basic_role_permission_rel" ("role_id", "permission_id") VALUES (1, 28);
INSERT INTO "basic_role_permission_rel" ("role_id", "permission_id") VALUES (1, 29);
INSERT INTO "basic_role_permission_rel" ("role_id", "permission_id") VALUES (1, 30);
INSERT INTO "basic_role_permission_rel" ("role_id", "permission_id") VALUES (1, 31);
INSERT INTO "basic_role_permission_rel" ("role_id", "permission_id") VALUES (1, 32);
INSERT INTO "basic_role_permission_rel" ("role_id", "permission_id") VALUES (1, 33);
INSERT INTO "basic_role_permission_rel" ("role_id", "permission_id") VALUES (1, 34);
INSERT INTO "basic_role_permission_rel" ("role_id", "permission_id") VALUES (1, 35);
INSERT INTO "basic_role_permission_rel" ("role_id", "permission_id") VALUES (1, 36);
INSERT INTO "basic_role_permission_rel" ("role_id", "permission_id") VALUES (1, 37);
INSERT INTO "basic_role_permission_rel" ("role_id", "permission_id") VALUES (1, 38);
INSERT INTO "basic_role_permission_rel" ("role_id", "permission_id") VALUES (1, 39);
INSERT INTO "basic_role_permission_rel" ("role_id", "permission_id") VALUES (1, 40);
INSERT INTO "basic_role_permission_rel" ("role_id", "permission_id") VALUES (1, 41);
INSERT INTO "basic_role_permission_rel" ("role_id", "permission_id") VALUES (1, 42);
INSERT INTO "basic_role_permission_rel" ("role_id", "permission_id") VALUES (1, 43);
INSERT INTO "basic_role_permission_rel" ("role_id", "permission_id") VALUES (1, 44);
INSERT INTO "basic_role_permission_rel" ("role_id", "permission_id") VALUES (1, 45);
INSERT INTO "basic_role_permission_rel" ("role_id", "permission_id") VALUES (1, 46);
INSERT INTO "basic_role_permission_rel" ("role_id", "permission_id") VALUES (1, 1);
INSERT INTO "basic_role_permission_rel" ("role_id", "permission_id") VALUES (1, 2);
INSERT INTO "basic_role_permission_rel" ("role_id", "permission_id") VALUES (1, 3);
INSERT INTO "basic_role_permission_rel" ("role_id", "permission_id") VALUES (1, 4);
INSERT INTO "basic_role_permission_rel" ("role_id", "permission_id") VALUES (1, 5);
INSERT INTO "basic_role_permission_rel" ("role_id", "permission_id") VALUES (1, 6);
INSERT INTO "basic_role_permission_rel" ("role_id", "permission_id") VALUES (1, 7);
INSERT INTO "basic_user" ("id", "username", "password", "salt", "wechat_id", "avatar", "nick_name", "game_nickname", "introduction", "role", "pinyin_code", "first_letter", "last_login_at", "created_at", "updated_at", "deleted_at", "is_del") VALUES (1, 'admin', '$2a$10$jy2ic/nTC3jZ7vwY/05sweJ9l5mbbB1SR/wi/.qXDrouIOFc1mQ3.', 'bZC6zfQWBEzeB3HhenJCjQ==', NULL, '', '超管', NULL, '系统管理员', 'super_admin', NULL, NULL, '2025-11-19 13:26:15.57365+00', '2025-09-07 07:20:43.835327+00', '2025-11-19 13:26:15.57365+00', NULL, 0);
INSERT INTO "basic_user_role_rel" ("user_id", "role_id") VALUES (1, 1);
